ALESSANDRO RAMOS DE ANDRADE	GE0101
PAULO HENRIQUE DA CUNHA	GE0201
ALEX ROSOLEN	GE0301
ALAN CARLOS MAGRINI GOMES	GE0401
ARTHUR SANTOS	GE0501
PAULO HENRIQUE DA CUNHA	GE0601
RENAN ULHOA MARTINS	GE0601
NUBIA PIRES MARIANO	GE0701
TIAGO BARBOSA OLIVEIRA	GE0801
TONY STEHLING GUIMARAES DOS SANTOS	GE0901
PAULO RICARDO FERREIRA GOMES	GE1001
RENATO VIEIRA COSTA	GE1101
SERGIO GABRIEL VIEIRA SPINDOLA DE ATHAYDE	RC0102
JHUNIELLY RAYLLA DAM GEBRIM	RC0103
MILTON MOREIRA DE ARAUJO FILHO	RC0104
ADERSON ANTONIO XAVIER DE CASTRO	RC0105
ANA LIGYA THEODORO GOBBIS VALERIO	RC0106
ADJAIR WELLERSON LOPES PEREIRA	RC0107
VINICIUS ZAVAGLI MARSON	RC0108
THAYNA CORPES PEREIRA	RC0109
MATHEUS MENDES RODRIGUES	RC0202
KESSY KENNEDY BALBINO	RC0204
ALAN MENDES SILVA	RC0302
NATHAN CESAR DE CARVALHO	RC0303
CARLOS EDUARDO KENIS DA SILVA	RC0304
FELIPE NATAN RODRIGUES DE SOUSA	RC0305
TRANSITORIO BTS	RC0305
WEMERSON THALYSON MORAIS DE OLIVEIRA	RC0306
THIAGO LEONE ALVES ROCHA	RC0402
VICTOR HUGO TAVARES	RC0403
FABIANA VIEIRA DE JESUS SILVA	RC0404
FILIPE PEREIRA VENTURA	RC0405
JOAO PEDRO DE SA GONDOLO	RC0502
JULIO CESAR CAETANO DE OLIVEIRA	RC0503
DIEGO SILVA PERES	RC0504
DIEGO ALCANTARA MAZARAO	RC0505
DOUGLAS SILVA OLIVEIRA	RC0506
LUCAS ALVES FERREIRA	RC0602
GUILHERME DE CASTRO GOMES	RC0603
LUIS CARLOS DE SOUSA FERNANDES	RC0604
MATHEUS ZAMPRONIO DILDA	RC0605
MARCOS VINICIOS FALEIRO	RC0606
DANILO DOS SANTOS OLIVEIRA	RC0607
MILENA CAETANO DA SILVA	RC0702
LUIS OTAVIO BORBA PRATES	RC0703
LUCAS DA SILVA LISBOA	RC0704
FELIPE JOSE CAMARGOS	RC0705
LEANDRO FAGUNDES BORGES RODRIGUES	RC0706
CARLOS XAVIER PERES	RC0802
EDUARDO BORSIO PASIANI	RC0803
ROGERIO VIEIRA NUNES	RC0804
JOAO VITOR REZENDE	RC0902
ERNANE VAZ ROSA	RC0903
GABRIEL FELIPE PEREIRA DE SOUSA	RC0904
MARRIMANN COSTA DOS SANTOS	RC0905
REGIS MIGUEL MENDES SILVA	RC1002
VINICIUS GUIMARAES ALBERNAZ	RC1003
CAIO WILLIAN PEREIRA ROSA	RC1004
GUSTAVO SOARES SILVA	RC1005
PEDRO HENRIQUE ALBENAZ NEIVA	RC1006
DIEGO ALVES BARBOSA	RC1007
EDMILSON RIBEIRO DA SILVA	RC1008
MATHEUS MARTINS PRADO	RC1102
GABRIEL SHABACH FERREIRA DE LIMA	RC1103
ALBERTO PEREIRA DA COSTA NETO	RC1104
JOAO GERALDO DE SOUZA SILVA	RC1105
PAULO EDUARDO SOARES DOS REIS	RC1302
